{"method":"efast","samplesize":385,"mes":{"of":{"a":0.5444693716632204,"b":0.5209008927139122,"c":0.016411396983696012,"d":0.03308114386991829,"e":0.033686313147670205,"f":0.03223944263330376,"g":0.03155306719995464,"h":0.02148402025540441}},"tes":{"of":{"a":0.6668648788259993,"b":0.6431629406538695,"c":0.042025048028325296,"d":0.05723116772973691,"e":0.06689908874178041,"f":0.0621865160840388,"g":0.06065013934604857,"h":0.04364671213651128}},"seed":2015,"var":{"of":{"a":0.2384437271487057,"b":0.2643118135158539,"c":0.07790614972951143,"d":0.018873541104876268,"e":0.012714077174643955,"f":0.014970814733559865,"g":0.018668797113940913,"h":0.02257023022758067}}}