{"method":"efast","samplesize":385,"mes":{"of":{"a":0.5444693716632213,"b":0.5209008927139119,"c":0.01641139698369586,"d":0.0330811438699186,"e":0.03368631314766974,"f":0.03223944263330353,"g":0.03155306719995475,"h":0.021484020255404655}},"tes":{"of":{"a":0.6668648788259994,"b":0.6431629406538704,"c":0.04202504802832563,"d":0.05723116772973691,"e":0.06689908874178085,"f":0.0621865160840388,"g":0.060650139346049126,"h":0.04364671213651128}},"seed":2015,"var":{"of":{"a":0.23844372714870607,"b":0.2643118135158536,"c":0.07790614972951068,"d":0.018873541104876455,"e":0.012714077174643769,"f":0.014970814733559748,"g":0.018668797113940976,"h":0.022570230227580933}}}