{"source1_x":[845.9676676720227,544.7429022536011,264.67861218203666],"source1_f":[48.40512739322519,50.18615872752694,59.3685477593052],"source1_t1":[30.751668671641774,16.975463626056314,31.23240433980653],"source1_t0":[3.0359575258739357,0.6743091994850503,2.362241808459112],"source1_y":[1378.1895864029152,1417.4446157149512,1816.731120678777],"n":[0.23503747320969248,0.5276905014120536,0.4293700712000059]}